../../../../dataset/MUSIC/data/train/audio/tuba/ASUUqMvTdjg.wav,../../../../dataset/MUSIC/data/train/frames/tuba/ASUUqMvTdjg,981
../../../../dataset/MUSIC/data/train/audio/violin/DR03cfIsEts.wav,../../../../dataset/MUSIC/data/train/frames/violin/DR03cfIsEts,2770
../../../../dataset/MUSIC/data/train/audio/cello/FcO9w1mYEEs.wav,../../../../dataset/MUSIC/data/train/frames/cello/FcO9w1mYEEs,5144
../../../../dataset/MUSIC/data/train/audio/clarinet/TKN7q-aEwZw.wav,../../../../dataset/MUSIC/data/train/frames/clarinet/TKN7q-aEwZw,3994
../../../../dataset/MUSIC/data/train/audio/trumpet/R9VbtH2rw74.wav,../../../../dataset/MUSIC/data/train/frames/trumpet/R9VbtH2rw74,1403
../../../../dataset/MUSIC/data/train/audio/tuba/LUZf782HzNo.wav,../../../../dataset/MUSIC/data/train/frames/tuba/LUZf782HzNo,4032
../../../../dataset/MUSIC/data/train/audio/violin/9g20WQ0WHn0.wav,../../../../dataset/MUSIC/data/train/frames/violin/9g20WQ0WHn0,2794
../../../../dataset/MUSIC/data/train/audio/acoustic_guitar/XdoR3Mw217M.wav,../../../../dataset/MUSIC/data/train/frames/acoustic_guitar/XdoR3Mw217M,5296
../../../../dataset/MUSIC/data/train/audio/tuba/8EU0xM-pQOI.wav,../../../../dataset/MUSIC/data/train/frames/tuba/8EU0xM-pQOI,974
../../../../dataset/MUSIC/data/train/audio/trumpet/eCQO6k5Qrmg.wav,../../../../dataset/MUSIC/data/train/frames/trumpet/eCQO6k5Qrmg,1590
../../../../dataset/MUSIC/data/train/audio/cello/YmKMEpt9OjQ.wav,../../../../dataset/MUSIC/data/train/frames/cello/YmKMEpt9OjQ,5219
../../../../dataset/MUSIC/data/train/audio/flute/tAuYNf2hqHU.wav,../../../../dataset/MUSIC/data/train/frames/flute/tAuYNf2hqHU,2533
../../../../dataset/MUSIC/data/train/audio/violin/TOLoplXKr7U.wav,../../../../dataset/MUSIC/data/train/frames/violin/TOLoplXKr7U,3410
../../../../dataset/MUSIC/data/train/audio/acoustic_guitar/_IcBMTI8PEQ.wav,../../../../dataset/MUSIC/data/train/frames/acoustic_guitar/_IcBMTI8PEQ,4561
../../../../dataset/MUSIC/data/train/audio/erhu/9PJgKV2VCcM.wav,../../../../dataset/MUSIC/data/train/frames/erhu/9PJgKV2VCcM,3473
../../../../dataset/MUSIC/data/train/audio/saxophone/FR_1gEaBeeE.wav,../../../../dataset/MUSIC/data/train/frames/saxophone/FR_1gEaBeeE,2426
../../../../dataset/MUSIC/data/train/audio/trumpet/aCi1P8Rymo4.wav,../../../../dataset/MUSIC/data/train/frames/trumpet/aCi1P8Rymo4,2204
../../../../dataset/MUSIC/data/train/audio/violin/nyOkMXal0yA.wav,../../../../dataset/MUSIC/data/train/frames/violin/nyOkMXal0yA,4342
../../../../dataset/MUSIC/data/train/audio/accordion/4jGq3kfsJpg.wav,../../../../dataset/MUSIC/data/train/frames/accordion/4jGq3kfsJpg,1466
../../../../dataset/MUSIC/data/train/audio/accordion/Y5EwbTgIswk.wav,../../../../dataset/MUSIC/data/train/frames/accordion/Y5EwbTgIswk,5063
../../../../dataset/MUSIC/data/train/audio/xylophone/fhf2cx9t4vY.wav,../../../../dataset/MUSIC/data/train/frames/xylophone/fhf2cx9t4vY,523
../../../../dataset/MUSIC/data/train/audio/trumpet/TaII-y9-5Iw.wav,../../../../dataset/MUSIC/data/train/frames/trumpet/TaII-y9-5Iw,2464
../../../../dataset/MUSIC/data/train/audio/xylophone/Xx0Haa8Fk2o.wav,../../../../dataset/MUSIC/data/train/frames/xylophone/Xx0Haa8Fk2o,5506
../../../../dataset/MUSIC/data/train/audio/erhu/2D2ALfuqDpk.wav,../../../../dataset/MUSIC/data/train/frames/erhu/2D2ALfuqDpk,2130
../../../../dataset/MUSIC/data/train/audio/saxophone/x5Bzb6R73JQ.wav,../../../../dataset/MUSIC/data/train/frames/saxophone/x5Bzb6R73JQ,2127
../../../../dataset/MUSIC/data/train/audio/tuba/AKNt1SF-5VA.wav,../../../../dataset/MUSIC/data/train/frames/tuba/AKNt1SF-5VA,2443
../../../../dataset/MUSIC/data/train/audio/cello/PmdfpSyB3BY.wav,../../../../dataset/MUSIC/data/train/frames/cello/PmdfpSyB3BY,3522
../../../../dataset/MUSIC/data/train/audio/accordion/YhwsPeOGnGg.wav,../../../../dataset/MUSIC/data/train/frames/accordion/YhwsPeOGnGg,2917
../../../../dataset/MUSIC/data/train/audio/erhu/REiXxfSu3Fw.wav,../../../../dataset/MUSIC/data/train/frames/erhu/REiXxfSu3Fw,3688
../../../../dataset/MUSIC/data/train/audio/xylophone/DGn7xcsxMPk.wav,../../../../dataset/MUSIC/data/train/frames/xylophone/DGn7xcsxMPk,3224
../../../../dataset/MUSIC/data/train/audio/cello/R6M2LLmUg1k.wav,../../../../dataset/MUSIC/data/train/frames/cello/R6M2LLmUg1k,2789
../../../../dataset/MUSIC/data/train/audio/clarinet/RqPkcu-xidI.wav,../../../../dataset/MUSIC/data/train/frames/clarinet/RqPkcu-xidI,5614
../../../../dataset/MUSIC/data/train/audio/tuba/Gufj4Jhk92I.wav,../../../../dataset/MUSIC/data/train/frames/tuba/Gufj4Jhk92I,1661
../../../../dataset/MUSIC/data/train/audio/accordion/7G6QVPCHv6Q.wav,../../../../dataset/MUSIC/data/train/frames/accordion/7G6QVPCHv6Q,4413
../../../../dataset/MUSIC/data/train/audio/cello/CSKOEhh5nBk.wav,../../../../dataset/MUSIC/data/train/frames/cello/CSKOEhh5nBk,4424
../../../../dataset/MUSIC/data/train/audio/violin/X2hHGcwLPhs.wav,../../../../dataset/MUSIC/data/train/frames/violin/X2hHGcwLPhs,2287
../../../../dataset/MUSIC/data/train/audio/erhu/7v9Z3IdjP8s.wav,../../../../dataset/MUSIC/data/train/frames/erhu/7v9Z3IdjP8s,4336
../../../../dataset/MUSIC/data/train/audio/acoustic_guitar/72yB-xyIcGI.wav,../../../../dataset/MUSIC/data/train/frames/acoustic_guitar/72yB-xyIcGI,5571
../../../../dataset/MUSIC/data/train/audio/cello/VlIcqDWmPkw.wav,../../../../dataset/MUSIC/data/train/frames/cello/VlIcqDWmPkw,4721
../../../../dataset/MUSIC/data/train/audio/accordion/phwHB8nASOo.wav,../../../../dataset/MUSIC/data/train/frames/accordion/phwHB8nASOo,2240
../../../../dataset/MUSIC/data/train/audio/tuba/4AsWvRTLPWI.wav,../../../../dataset/MUSIC/data/train/frames/tuba/4AsWvRTLPWI,932
../../../../dataset/MUSIC/data/train/audio/violin/vYr0vft28Tg.wav,../../../../dataset/MUSIC/data/train/frames/violin/vYr0vft28Tg,4149
../../../../dataset/MUSIC/data/train/audio/cello/CjNKUiFHUC8.wav,../../../../dataset/MUSIC/data/train/frames/cello/CjNKUiFHUC8,5470
../../../../dataset/MUSIC/data/train/audio/acoustic_guitar/CeOAuSm1NUo.wav,../../../../dataset/MUSIC/data/train/frames/acoustic_guitar/CeOAuSm1NUo,4658
../../../../dataset/MUSIC/data/train/audio/accordion/2gyrqiqTuiM.wav,../../../../dataset/MUSIC/data/train/frames/accordion/2gyrqiqTuiM,5223
../../../../dataset/MUSIC/data/train/audio/trumpet/889Kxn_RYzo.wav,../../../../dataset/MUSIC/data/train/frames/trumpet/889Kxn_RYzo,603
../../../../dataset/MUSIC/data/train/audio/tuba/1rcU3mH1VVA.wav,../../../../dataset/MUSIC/data/train/frames/tuba/1rcU3mH1VVA,2089
../../../../dataset/MUSIC/data/train/audio/clarinet/0IRJ75zgcAY.wav,../../../../dataset/MUSIC/data/train/frames/clarinet/0IRJ75zgcAY,4442
../../../../dataset/MUSIC/data/train/audio/cello/EvBzKBdfZxA.wav,../../../../dataset/MUSIC/data/train/frames/cello/EvBzKBdfZxA,1531
../../../../dataset/MUSIC/data/train/audio/trumpet/EwG7o3SS-r0.wav,../../../../dataset/MUSIC/data/train/frames/trumpet/EwG7o3SS-r0,2232
../../../../dataset/MUSIC/data/train/audio/acoustic_guitar/9ygrq7in_uI.wav,../../../../dataset/MUSIC/data/train/frames/acoustic_guitar/9ygrq7in_uI,5153
../../../../dataset/MUSIC/data/train/audio/erhu/31GOxPXDNkk.wav,../../../../dataset/MUSIC/data/train/frames/erhu/31GOxPXDNkk,2330
../../../../dataset/MUSIC/data/train/audio/accordion/7C-udYVfjoY.wav,../../../../dataset/MUSIC/data/train/frames/accordion/7C-udYVfjoY,3245
../../../../dataset/MUSIC/data/train/audio/xylophone/Jd5heRezP5s.wav,../../../../dataset/MUSIC/data/train/frames/xylophone/Jd5heRezP5s,2794
../../../../dataset/MUSIC/data/train/audio/xylophone/OZDN7VkC6AY.wav,../../../../dataset/MUSIC/data/train/frames/xylophone/OZDN7VkC6AY,4385
../../../../dataset/MUSIC/data/train/audio/acoustic_guitar/OBbmnUIJQDQ.wav,../../../../dataset/MUSIC/data/train/frames/acoustic_guitar/OBbmnUIJQDQ,2523
../../../../dataset/MUSIC/data/train/audio/accordion/s1hBC8N4-Zo.wav,../../../../dataset/MUSIC/data/train/frames/accordion/s1hBC8N4-Zo,3835
../../../../dataset/MUSIC/data/train/audio/cello/5Eg6GNhszNE.wav,../../../../dataset/MUSIC/data/train/frames/cello/5Eg6GNhszNE,2948
../../../../dataset/MUSIC/data/train/audio/violin/85KcVDCQLfc.wav,../../../../dataset/MUSIC/data/train/frames/violin/85KcVDCQLfc,3993
../../../../dataset/MUSIC/data/train/audio/clarinet/P5nnnybNQ_o.wav,../../../../dataset/MUSIC/data/train/frames/clarinet/P5nnnybNQ_o,2255
../../../../dataset/MUSIC/data/train/audio/erhu/HGqEtp1wpyc.wav,../../../../dataset/MUSIC/data/train/frames/erhu/HGqEtp1wpyc,3423
../../../../dataset/MUSIC/data/train/audio/accordion/bq5utI8KK_8.wav,../../../../dataset/MUSIC/data/train/frames/accordion/bq5utI8KK_8,2707
../../../../dataset/MUSIC/data/train/audio/accordion/PohzBumrY2Q.wav,../../../../dataset/MUSIC/data/train/frames/accordion/PohzBumrY2Q,5018
../../../../dataset/MUSIC/data/train/audio/violin/2ZxAVUsuE4Y.wav,../../../../dataset/MUSIC/data/train/frames/violin/2ZxAVUsuE4Y,2347
../../../../dataset/MUSIC/data/train/audio/clarinet/GQGBzVaDTmM.wav,../../../../dataset/MUSIC/data/train/frames/clarinet/GQGBzVaDTmM,2156
../../../../dataset/MUSIC/data/train/audio/clarinet/LPqBkF5NVSQ.wav,../../../../dataset/MUSIC/data/train/frames/clarinet/LPqBkF5NVSQ,3369
../../../../dataset/MUSIC/data/train/audio/erhu/C7K9dQHlViM.wav,../../../../dataset/MUSIC/data/train/frames/erhu/C7K9dQHlViM,3534
../../../../dataset/MUSIC/data/train/audio/flute/8o5ngxZaYYw.wav,../../../../dataset/MUSIC/data/train/frames/flute/8o5ngxZaYYw,2149
../../../../dataset/MUSIC/data/train/audio/acoustic_guitar/AszMf9QGxug.wav,../../../../dataset/MUSIC/data/train/frames/acoustic_guitar/AszMf9QGxug,5146
../../../../dataset/MUSIC/data/train/audio/cello/1Ju4S0qeDqw.wav,../../../../dataset/MUSIC/data/train/frames/cello/1Ju4S0qeDqw,4294
../../../../dataset/MUSIC/data/train/audio/flute/UZK_2bTuzrI.wav,../../../../dataset/MUSIC/data/train/frames/flute/UZK_2bTuzrI,932
../../../../dataset/MUSIC/data/train/audio/accordion/qBnsIqyXheM.wav,../../../../dataset/MUSIC/data/train/frames/accordion/qBnsIqyXheM,5271
../../../../dataset/MUSIC/data/train/audio/violin/6uqTP6obYNM.wav,../../../../dataset/MUSIC/data/train/frames/violin/6uqTP6obYNM,1408
../../../../dataset/MUSIC/data/train/audio/trumpet/aavW-tx8daw.wav,../../../../dataset/MUSIC/data/train/frames/trumpet/aavW-tx8daw,2204
../../../../dataset/MUSIC/data/train/audio/accordion/PMDSfAZ4-eo.wav,../../../../dataset/MUSIC/data/train/frames/accordion/PMDSfAZ4-eo,5727
../../../../dataset/MUSIC/data/train/audio/violin/l7LptHCRkQU.wav,../../../../dataset/MUSIC/data/train/frames/violin/l7LptHCRkQU,5543
../../../../dataset/MUSIC/data/train/audio/acoustic_guitar/Czn6lg--pRw.wav,../../../../dataset/MUSIC/data/train/frames/acoustic_guitar/Czn6lg--pRw,4958
../../../../dataset/MUSIC/data/train/audio/flute/qb-ttddKLYo.wav,../../../../dataset/MUSIC/data/train/frames/flute/qb-ttddKLYo,527
../../../../dataset/MUSIC/data/train/audio/violin/YK94q0Fwquc.wav,../../../../dataset/MUSIC/data/train/frames/violin/YK94q0Fwquc,928
../../../../dataset/MUSIC/data/train/audio/trumpet/2gk-IN35s5I.wav,../../../../dataset/MUSIC/data/train/frames/trumpet/2gk-IN35s5I,2548
../../../../dataset/MUSIC/data/train/audio/violin/ZgGEuzLZw2E.wav,../../../../dataset/MUSIC/data/train/frames/violin/ZgGEuzLZw2E,2420
../../../../dataset/MUSIC/data/train/audio/acoustic_guitar/8YELO9yxs_c.wav,../../../../dataset/MUSIC/data/train/frames/acoustic_guitar/8YELO9yxs_c,4745
../../../../dataset/MUSIC/data/train/audio/clarinet/ZYMb7ZJkJgc.wav,../../../../dataset/MUSIC/data/train/frames/clarinet/ZYMb7ZJkJgc,3344
../../../../dataset/MUSIC/data/train/audio/xylophone/ag7eC_pVobo.wav,../../../../dataset/MUSIC/data/train/frames/xylophone/ag7eC_pVobo,4909
../../../../dataset/MUSIC/data/train/audio/acoustic_guitar/1OsOEt5Qpfc.wav,../../../../dataset/MUSIC/data/train/frames/acoustic_guitar/1OsOEt5Qpfc,3904
../../../../dataset/MUSIC/data/train/audio/xylophone/5lm9laLSORc.wav,../../../../dataset/MUSIC/data/train/frames/xylophone/5lm9laLSORc,4537
../../../../dataset/MUSIC/data/train/audio/acoustic_guitar/PDohhCaNf98.wav,../../../../dataset/MUSIC/data/train/frames/acoustic_guitar/PDohhCaNf98,5707
../../../../dataset/MUSIC/data/train/audio/trumpet/7q1E1pueAU4.wav,../../../../dataset/MUSIC/data/train/frames/trumpet/7q1E1pueAU4,762
../../../../dataset/MUSIC/data/train/audio/trumpet/qsciXAjiwF0.wav,../../../../dataset/MUSIC/data/train/frames/trumpet/qsciXAjiwF0,1628
../../../../dataset/MUSIC/data/train/audio/flute/hYepU4PQFAo.wav,../../../../dataset/MUSIC/data/train/frames/flute/hYepU4PQFAo,1435
../../../../dataset/MUSIC/data/train/audio/cello/_Nr58vTAIkw.wav,../../../../dataset/MUSIC/data/train/frames/cello/_Nr58vTAIkw,4040
../../../../dataset/MUSIC/data/train/audio/acoustic_guitar/ZANyOBEWiJA.wav,../../../../dataset/MUSIC/data/train/frames/acoustic_guitar/ZANyOBEWiJA,4947
../../../../dataset/MUSIC/data/train/audio/violin/H-j5lp2QjEE.wav,../../../../dataset/MUSIC/data/train/frames/violin/H-j5lp2QjEE,2590
../../../../dataset/MUSIC/data/train/audio/saxophone/EIpvnh0otts.wav,../../../../dataset/MUSIC/data/train/frames/saxophone/EIpvnh0otts,3764
../../../../dataset/MUSIC/data/train/audio/cello/Rj5XJO5T8PY.wav,../../../../dataset/MUSIC/data/train/frames/cello/Rj5XJO5T8PY,3259
../../../../dataset/MUSIC/data/train/audio/flute/Wt40rzyGSBs.wav,../../../../dataset/MUSIC/data/train/frames/flute/Wt40rzyGSBs,2733
../../../../dataset/MUSIC/data/train/audio/accordion/1oz3h9doX_g.wav,../../../../dataset/MUSIC/data/train/frames/accordion/1oz3h9doX_g,3452
../../../../dataset/MUSIC/data/train/audio/accordion/E6jlrR-M3tk.wav,../../../../dataset/MUSIC/data/train/frames/accordion/E6jlrR-M3tk,3778
../../../../dataset/MUSIC/data/train/audio/tuba/8YNdpTm2vsc.wav,../../../../dataset/MUSIC/data/train/frames/tuba/8YNdpTm2vsc,5905
../../../../dataset/MUSIC/data/train/audio/trumpet/zhaLSfnahL0.wav,../../../../dataset/MUSIC/data/train/frames/trumpet/zhaLSfnahL0,1476
../../../../dataset/MUSIC/data/train/audio/tuba/W9VsprvJQAM.wav,../../../../dataset/MUSIC/data/train/frames/tuba/W9VsprvJQAM,2588
../../../../dataset/MUSIC/data/train/audio/erhu/8rb-thew50c.wav,../../../../dataset/MUSIC/data/train/frames/erhu/8rb-thew50c,1993
../../../../dataset/MUSIC/data/train/audio/cello/EtP6JBWtd7s.wav,../../../../dataset/MUSIC/data/train/frames/cello/EtP6JBWtd7s,4638
../../../../dataset/MUSIC/data/train/audio/acoustic_guitar/RgB3wzNVZyY.wav,../../../../dataset/MUSIC/data/train/frames/acoustic_guitar/RgB3wzNVZyY,2492
../../../../dataset/MUSIC/data/train/audio/tuba/73ikMuXwKgc.wav,../../../../dataset/MUSIC/data/train/frames/tuba/73ikMuXwKgc,875
../../../../dataset/MUSIC/data/train/audio/clarinet/cEhrpbRf-DY.wav,../../../../dataset/MUSIC/data/train/frames/clarinet/cEhrpbRf-DY,1900
../../../../dataset/MUSIC/data/train/audio/flute/SMp2-xo1lZE.wav,../../../../dataset/MUSIC/data/train/frames/flute/SMp2-xo1lZE,1430
../../../../dataset/MUSIC/data/train/audio/tuba/8sgzGhxw-tM.wav,../../../../dataset/MUSIC/data/train/frames/tuba/8sgzGhxw-tM,3212
../../../../dataset/MUSIC/data/train/audio/accordion/QaOUijKCqZU.wav,../../../../dataset/MUSIC/data/train/frames/accordion/QaOUijKCqZU,3011
../../../../dataset/MUSIC/data/train/audio/erhu/DLTK2_UyrDI.wav,../../../../dataset/MUSIC/data/train/frames/erhu/DLTK2_UyrDI,2102
../../../../dataset/MUSIC/data/train/audio/cello/I--nizkVQzE.wav,../../../../dataset/MUSIC/data/train/frames/cello/I--nizkVQzE,2532
../../../../dataset/MUSIC/data/train/audio/accordion/UYp3dKioAao.wav,../../../../dataset/MUSIC/data/train/frames/accordion/UYp3dKioAao,3953
../../../../dataset/MUSIC/data/train/audio/trumpet/ZuJEVqon3lM.wav,../../../../dataset/MUSIC/data/train/frames/trumpet/ZuJEVqon3lM,1516
../../../../dataset/MUSIC/data/train/audio/erhu/AOAE4euXbEc.wav,../../../../dataset/MUSIC/data/train/frames/erhu/AOAE4euXbEc,3797
../../../../dataset/MUSIC/data/train/audio/cello/MCftKtqmH1A.wav,../../../../dataset/MUSIC/data/train/frames/cello/MCftKtqmH1A,3520
../../../../dataset/MUSIC/data/train/audio/flute/cTO_2R81fdY.wav,../../../../dataset/MUSIC/data/train/frames/flute/cTO_2R81fdY,2225
../../../../dataset/MUSIC/data/train/audio/xylophone/PF9PrzmkR2Q.wav,../../../../dataset/MUSIC/data/train/frames/xylophone/PF9PrzmkR2Q,2162
../../../../dataset/MUSIC/data/train/audio/erhu/EtrYq3j7src.wav,../../../../dataset/MUSIC/data/train/frames/erhu/EtrYq3j7src,2825
../../../../dataset/MUSIC/data/train/audio/flute/jW_AuF6dQYY.wav,../../../../dataset/MUSIC/data/train/frames/flute/jW_AuF6dQYY,1743
../../../../dataset/MUSIC/data/train/audio/cello/VYkZb7F4zKo.wav,../../../../dataset/MUSIC/data/train/frames/cello/VYkZb7F4zKo,4233
../../../../dataset/MUSIC/data/train/audio/violin/9dOqmTMqp1k.wav,../../../../dataset/MUSIC/data/train/frames/violin/9dOqmTMqp1k,2457
../../../../dataset/MUSIC/data/train/audio/tuba/43N29koKyPo.wav,../../../../dataset/MUSIC/data/train/frames/tuba/43N29koKyPo,908
../../../../dataset/MUSIC/data/train/audio/cello/97UEABGyyw8.wav,../../../../dataset/MUSIC/data/train/frames/cello/97UEABGyyw8,3175
../../../../dataset/MUSIC/data/train/audio/tuba/N3nwDmWvsF4.wav,../../../../dataset/MUSIC/data/train/frames/tuba/N3nwDmWvsF4,5535
../../../../dataset/MUSIC/data/train/audio/flute/QAiwlq3aP2U.wav,../../../../dataset/MUSIC/data/train/frames/flute/QAiwlq3aP2U,3485
../../../../dataset/MUSIC/data/train/audio/xylophone/lJfi82vd9eI.wav,../../../../dataset/MUSIC/data/train/frames/xylophone/lJfi82vd9eI,5850
../../../../dataset/MUSIC/data/train/audio/accordion/Q-Jkk6mJ8AI.wav,../../../../dataset/MUSIC/data/train/frames/accordion/Q-Jkk6mJ8AI,2556
../../../../dataset/MUSIC/data/train/audio/cello/19CdPaHrVPQ.wav,../../../../dataset/MUSIC/data/train/frames/cello/19CdPaHrVPQ,4604
../../../../dataset/MUSIC/data/train/audio/xylophone/EHKq3-zwphs.wav,../../../../dataset/MUSIC/data/train/frames/xylophone/EHKq3-zwphs,2989
../../../../dataset/MUSIC/data/train/audio/tuba/4lVuJEIaXgo.wav,../../../../dataset/MUSIC/data/train/frames/tuba/4lVuJEIaXgo,1526
../../../../dataset/MUSIC/data/train/audio/cello/9xj3e5A8XwE.wav,../../../../dataset/MUSIC/data/train/frames/cello/9xj3e5A8XwE,4771
../../../../dataset/MUSIC/data/train/audio/xylophone/Sw8346DYwME.wav,../../../../dataset/MUSIC/data/train/frames/xylophone/Sw8346DYwME,1692
../../../../dataset/MUSIC/data/train/audio/cello/IcV9yqQOqkw.wav,../../../../dataset/MUSIC/data/train/frames/cello/IcV9yqQOqkw,2624
../../../../dataset/MUSIC/data/train/audio/cello/Lq3671NhNZk.wav,../../../../dataset/MUSIC/data/train/frames/cello/Lq3671NhNZk,3924
../../../../dataset/MUSIC/data/train/audio/tuba/aerJoJj--HU.wav,../../../../dataset/MUSIC/data/train/frames/tuba/aerJoJj--HU,3621
../../../../dataset/MUSIC/data/train/audio/clarinet/5HNlS9UFELE.wav,../../../../dataset/MUSIC/data/train/frames/clarinet/5HNlS9UFELE,1091
../../../../dataset/MUSIC/data/train/audio/flute/E7E1kMExVcg.wav,../../../../dataset/MUSIC/data/train/frames/flute/E7E1kMExVcg,2330
../../../../dataset/MUSIC/data/train/audio/flute/eHbxLcoLWYY.wav,../../../../dataset/MUSIC/data/train/frames/flute/eHbxLcoLWYY,2193
../../../../dataset/MUSIC/data/train/audio/xylophone/Z36VEiqi02Y.wav,../../../../dataset/MUSIC/data/train/frames/xylophone/Z36VEiqi02Y,4670
../../../../dataset/MUSIC/data/train/audio/accordion/KC2RgtW4IZ0.wav,../../../../dataset/MUSIC/data/train/frames/accordion/KC2RgtW4IZ0,1770
../../../../dataset/MUSIC/data/train/audio/erhu/3XAn8BHmtKg.wav,../../../../dataset/MUSIC/data/train/frames/erhu/3XAn8BHmtKg,4530
../../../../dataset/MUSIC/data/train/audio/flute/9L4BvIDqhm8.wav,../../../../dataset/MUSIC/data/train/frames/flute/9L4BvIDqhm8,2643
../../../../dataset/MUSIC/data/train/audio/tuba/Xm5a8vCHlFw.wav,../../../../dataset/MUSIC/data/train/frames/tuba/Xm5a8vCHlFw,1403
../../../../dataset/MUSIC/data/train/audio/trumpet/Ba4ajAm0VDI.wav,../../../../dataset/MUSIC/data/train/frames/trumpet/Ba4ajAm0VDI,1785
../../../../dataset/MUSIC/data/train/audio/clarinet/D6YQ6WwWZrk.wav,../../../../dataset/MUSIC/data/train/frames/clarinet/D6YQ6WwWZrk,2143
../../../../dataset/MUSIC/data/train/audio/acoustic_guitar/DeQHA0xP2zk.wav,../../../../dataset/MUSIC/data/train/frames/acoustic_guitar/DeQHA0xP2zk,5113
../../../../dataset/MUSIC/data/train/audio/tuba/NDVxjRCWjYU.wav,../../../../dataset/MUSIC/data/train/frames/tuba/NDVxjRCWjYU,5205
../../../../dataset/MUSIC/data/train/audio/clarinet/iHQIK5JM3Xo.wav,../../../../dataset/MUSIC/data/train/frames/clarinet/iHQIK5JM3Xo,2773
../../../../dataset/MUSIC/data/train/audio/tuba/YtOvrQNMkY0.wav,../../../../dataset/MUSIC/data/train/frames/tuba/YtOvrQNMkY0,486
../../../../dataset/MUSIC/data/train/audio/acoustic_guitar/KOt3oARDH9I.wav,../../../../dataset/MUSIC/data/train/frames/acoustic_guitar/KOt3oARDH9I,3479
../../../../dataset/MUSIC/data/train/audio/erhu/1wrfS5PHbKE.wav,../../../../dataset/MUSIC/data/train/frames/erhu/1wrfS5PHbKE,2508
../../../../dataset/MUSIC/data/train/audio/acoustic_guitar/HPyM9xzrih0.wav,../../../../dataset/MUSIC/data/train/frames/acoustic_guitar/HPyM9xzrih0,3326
../../../../dataset/MUSIC/data/train/audio/acoustic_guitar/8LU-kq19V3Y.wav,../../../../dataset/MUSIC/data/train/frames/acoustic_guitar/8LU-kq19V3Y,2323
../../../../dataset/MUSIC/data/train/audio/saxophone/TSEWnnKagqQ.wav,../../../../dataset/MUSIC/data/train/frames/saxophone/TSEWnnKagqQ,3132
../../../../dataset/MUSIC/data/train/audio/flute/3q104tR3k2Q.wav,../../../../dataset/MUSIC/data/train/frames/flute/3q104tR3k2Q,3001
../../../../dataset/MUSIC/data/train/audio/accordion/STtGADifdUw.wav,../../../../dataset/MUSIC/data/train/frames/accordion/STtGADifdUw,2157
../../../../dataset/MUSIC/data/train/audio/accordion/ADxyFxpe1ls.wav,../../../../dataset/MUSIC/data/train/frames/accordion/ADxyFxpe1ls,5406
../../../../dataset/MUSIC/data/train/audio/accordion/UKk9DJD1jOo.wav,../../../../dataset/MUSIC/data/train/frames/accordion/UKk9DJD1jOo,3683
../../../../dataset/MUSIC/data/train/audio/flute/D5gWhSH7jRU.wav,../../../../dataset/MUSIC/data/train/frames/flute/D5gWhSH7jRU,2791
../../../../dataset/MUSIC/data/train/audio/cello/4Oy5VmaacaI.wav,../../../../dataset/MUSIC/data/train/frames/cello/4Oy5VmaacaI,3771
../../../../dataset/MUSIC/data/train/audio/cello/QeravklOaAg.wav,../../../../dataset/MUSIC/data/train/frames/cello/QeravklOaAg,5686
../../../../dataset/MUSIC/data/train/audio/accordion/fful4o8CIW8.wav,../../../../dataset/MUSIC/data/train/frames/accordion/fful4o8CIW8,2317
../../../../dataset/MUSIC/data/train/audio/violin/VtZXRWtp5G0.wav,../../../../dataset/MUSIC/data/train/frames/violin/VtZXRWtp5G0,1613
../../../../dataset/MUSIC/data/train/audio/trumpet/nKc4srJBgYU.wav,../../../../dataset/MUSIC/data/train/frames/trumpet/nKc4srJBgYU,1155
../../../../dataset/MUSIC/data/train/audio/erhu/DlqCn_xrNRU.wav,../../../../dataset/MUSIC/data/train/frames/erhu/DlqCn_xrNRU,2481
../../../../dataset/MUSIC/data/train/audio/accordion/ZoE25YHTGDQ.wav,../../../../dataset/MUSIC/data/train/frames/accordion/ZoE25YHTGDQ,3186
../../../../dataset/MUSIC/data/train/audio/accordion/nQpXK7PS-oo.wav,../../../../dataset/MUSIC/data/train/frames/accordion/nQpXK7PS-oo,1892
../../../../dataset/MUSIC/data/train/audio/cello/B22eZY1PESY.wav,../../../../dataset/MUSIC/data/train/frames/cello/B22eZY1PESY,5130
../../../../dataset/MUSIC/data/train/audio/violin/ICKS19qRRd4.wav,../../../../dataset/MUSIC/data/train/frames/violin/ICKS19qRRd4,3135
../../../../dataset/MUSIC/data/train/audio/accordion/Ct-SQmiA31s.wav,../../../../dataset/MUSIC/data/train/frames/accordion/Ct-SQmiA31s,518
../../../../dataset/MUSIC/data/train/audio/erhu/GgZOTwwD39Y.wav,../../../../dataset/MUSIC/data/train/frames/erhu/GgZOTwwD39Y,5781
../../../../dataset/MUSIC/data/train/audio/accordion/qMFYRw0uZ_E.wav,../../../../dataset/MUSIC/data/train/frames/accordion/qMFYRw0uZ_E,5547
../../../../dataset/MUSIC/data/train/audio/saxophone/R700Q9DEUEk.wav,../../../../dataset/MUSIC/data/train/frames/saxophone/R700Q9DEUEk,2258
../../../../dataset/MUSIC/data/train/audio/tuba/BabDKZLYlyE.wav,../../../../dataset/MUSIC/data/train/frames/tuba/BabDKZLYlyE,888
../../../../dataset/MUSIC/data/train/audio/saxophone/geK-gOMgm20.wav,../../../../dataset/MUSIC/data/train/frames/saxophone/geK-gOMgm20,1022
../../../../dataset/MUSIC/data/train/audio/xylophone/qLLwSb9YX5g.wav,../../../../dataset/MUSIC/data/train/frames/xylophone/qLLwSb9YX5g,811
../../../../dataset/MUSIC/data/train/audio/flute/UD2SYltnnlY.wav,../../../../dataset/MUSIC/data/train/frames/flute/UD2SYltnnlY,5200
../../../../dataset/MUSIC/data/train/audio/accordion/6hQHOZNwfRs.wav,../../../../dataset/MUSIC/data/train/frames/accordion/6hQHOZNwfRs,4074
../../../../dataset/MUSIC/data/train/audio/acoustic_guitar/FoOVn7MACAE.wav,../../../../dataset/MUSIC/data/train/frames/acoustic_guitar/FoOVn7MACAE,5579
../../../../dataset/MUSIC/data/train/audio/flute/unRA0xR-XWc.wav,../../../../dataset/MUSIC/data/train/frames/flute/unRA0xR-XWc,2328
../../../../dataset/MUSIC/data/train/audio/clarinet/U6iN9QcIp7I.wav,../../../../dataset/MUSIC/data/train/frames/clarinet/U6iN9QcIp7I,2060
../../../../dataset/MUSIC/data/train/audio/tuba/VA1EolcDwZI.wav,../../../../dataset/MUSIC/data/train/frames/tuba/VA1EolcDwZI,1975
../../../../dataset/MUSIC/data/train/audio/tuba/GPh_9jtWub8.wav,../../../../dataset/MUSIC/data/train/frames/tuba/GPh_9jtWub8,1774
../../../../dataset/MUSIC/data/train/audio/tuba/InzjAr8VdvY.wav,../../../../dataset/MUSIC/data/train/frames/tuba/InzjAr8VdvY,1083
../../../../dataset/MUSIC/data/train/audio/violin/ySFS1KgXerA.wav,../../../../dataset/MUSIC/data/train/frames/violin/ySFS1KgXerA,4763
../../../../dataset/MUSIC/data/train/audio/violin/CaeZoHNHul0.wav,../../../../dataset/MUSIC/data/train/frames/violin/CaeZoHNHul0,4359
../../../../dataset/MUSIC/data/train/audio/clarinet/focoWBYg16w.wav,../../../../dataset/MUSIC/data/train/frames/clarinet/focoWBYg16w,3731
../../../../dataset/MUSIC/data/train/audio/flute/3wPouBFa9U0.wav,../../../../dataset/MUSIC/data/train/frames/flute/3wPouBFa9U0,2302
../../../../dataset/MUSIC/data/train/audio/flute/GouIcBwgP_U.wav,../../../../dataset/MUSIC/data/train/frames/flute/GouIcBwgP_U,4455
../../../../dataset/MUSIC/data/train/audio/erhu/Mdryqvk0UH0.wav,../../../../dataset/MUSIC/data/train/frames/erhu/Mdryqvk0UH0,866
../../../../dataset/MUSIC/data/train/audio/clarinet/JnAAzR4XZ-I.wav,../../../../dataset/MUSIC/data/train/frames/clarinet/JnAAzR4XZ-I,1111
../../../../dataset/MUSIC/data/train/audio/cello/XI7Fx7rJt4I.wav,../../../../dataset/MUSIC/data/train/frames/cello/XI7Fx7rJt4I,1529
../../../../dataset/MUSIC/data/train/audio/xylophone/VcEhFKOTF7A.wav,../../../../dataset/MUSIC/data/train/frames/xylophone/VcEhFKOTF7A,1425
../../../../dataset/MUSIC/data/train/audio/cello/I0LedcEaPL0.wav,../../../../dataset/MUSIC/data/train/frames/cello/I0LedcEaPL0,4556
../../../../dataset/MUSIC/data/train/audio/xylophone/JbGvqve_JH0.wav,../../../../dataset/MUSIC/data/train/frames/xylophone/JbGvqve_JH0,3316
../../../../dataset/MUSIC/data/train/audio/accordion/9okuB-rub8c.wav,../../../../dataset/MUSIC/data/train/frames/accordion/9okuB-rub8c,1250
../../../../dataset/MUSIC/data/train/audio/saxophone/e73x3LGeb_Q.wav,../../../../dataset/MUSIC/data/train/frames/saxophone/e73x3LGeb_Q,3157
../../../../dataset/MUSIC/data/train/audio/erhu/PFX2WTY9gWI.wav,../../../../dataset/MUSIC/data/train/frames/erhu/PFX2WTY9gWI,2778
../../../../dataset/MUSIC/data/train/audio/clarinet/W9ZICrM6V-s.wav,../../../../dataset/MUSIC/data/train/frames/clarinet/W9ZICrM6V-s,1137
../../../../dataset/MUSIC/data/train/audio/trumpet/ZRpsKMe5dSg.wav,../../../../dataset/MUSIC/data/train/frames/trumpet/ZRpsKMe5dSg,2751
../../../../dataset/MUSIC/data/train/audio/cello/TBngVoy_GrE.wav,../../../../dataset/MUSIC/data/train/frames/cello/TBngVoy_GrE,2743
../../../../dataset/MUSIC/data/train/audio/cello/IlDWk-x6Cag.wav,../../../../dataset/MUSIC/data/train/frames/cello/IlDWk-x6Cag,1688
../../../../dataset/MUSIC/data/train/audio/clarinet/cZ9-NYYmhXw.wav,../../../../dataset/MUSIC/data/train/frames/clarinet/cZ9-NYYmhXw,4490
../../../../dataset/MUSIC/data/train/audio/xylophone/L_ErwglZCJM.wav,../../../../dataset/MUSIC/data/train/frames/xylophone/L_ErwglZCJM,1675
../../../../dataset/MUSIC/data/train/audio/saxophone/iEOdwzdXmfE.wav,../../../../dataset/MUSIC/data/train/frames/saxophone/iEOdwzdXmfE,2209
../../../../dataset/MUSIC/data/train/audio/tuba/6pkShdDe9LU.wav,../../../../dataset/MUSIC/data/train/frames/tuba/6pkShdDe9LU,519
../../../../dataset/MUSIC/data/train/audio/tuba/GSol2w0QnJE.wav,../../../../dataset/MUSIC/data/train/frames/tuba/GSol2w0QnJE,1444
../../../../dataset/MUSIC/data/train/audio/erhu/ZMM_u1Bk0SI.wav,../../../../dataset/MUSIC/data/train/frames/erhu/ZMM_u1Bk0SI,1689
../../../../dataset/MUSIC/data/train/audio/cello/DPSLdZBaQTM.wav,../../../../dataset/MUSIC/data/train/frames/cello/DPSLdZBaQTM,5439
../../../../dataset/MUSIC/data/train/audio/cello/MvkJvZSOmjY.wav,../../../../dataset/MUSIC/data/train/frames/cello/MvkJvZSOmjY,1141
../../../../dataset/MUSIC/data/train/audio/violin/X2gQ8Jnk2P8.wav,../../../../dataset/MUSIC/data/train/frames/violin/X2gQ8Jnk2P8,3286
../../../../dataset/MUSIC/data/train/audio/violin/GysCM0WBZzM.wav,../../../../dataset/MUSIC/data/train/frames/violin/GysCM0WBZzM,2117
../../../../dataset/MUSIC/data/train/audio/acoustic_guitar/X4UWEifacwI.wav,../../../../dataset/MUSIC/data/train/frames/acoustic_guitar/X4UWEifacwI,5590
../../../../dataset/MUSIC/data/train/audio/erhu/V9rjOI5YEDE.wav,../../../../dataset/MUSIC/data/train/frames/erhu/V9rjOI5YEDE,2976
../../../../dataset/MUSIC/data/train/audio/tuba/C3s60zFIPTs.wav,../../../../dataset/MUSIC/data/train/frames/tuba/C3s60zFIPTs,4171
../../../../dataset/MUSIC/data/train/audio/flute/3-zT9mN8Lio.wav,../../../../dataset/MUSIC/data/train/frames/flute/3-zT9mN8Lio,1579
../../../../dataset/MUSIC/data/train/audio/saxophone/LqyX7bRrMTw.wav,../../../../dataset/MUSIC/data/train/frames/saxophone/LqyX7bRrMTw,2658
../../../../dataset/MUSIC/data/train/audio/flute/B0xFpw9qvD4.wav,../../../../dataset/MUSIC/data/train/frames/flute/B0xFpw9qvD4,2049
../../../../dataset/MUSIC/data/train/audio/flute/f1a-JF06840.wav,../../../../dataset/MUSIC/data/train/frames/flute/f1a-JF06840,4078
../../../../dataset/MUSIC/data/train/audio/xylophone/apWmZcw_AMs.wav,../../../../dataset/MUSIC/data/train/frames/xylophone/apWmZcw_AMs,1586
../../../../dataset/MUSIC/data/train/audio/accordion/OnT8HuJuuIA.wav,../../../../dataset/MUSIC/data/train/frames/accordion/OnT8HuJuuIA,2638
../../../../dataset/MUSIC/data/train/audio/acoustic_guitar/7SPnwtQkUb4.wav,../../../../dataset/MUSIC/data/train/frames/acoustic_guitar/7SPnwtQkUb4,5716
../../../../dataset/MUSIC/data/train/audio/trumpet/jl4iDbOsrJM.wav,../../../../dataset/MUSIC/data/train/frames/trumpet/jl4iDbOsrJM,1533
../../../../dataset/MUSIC/data/train/audio/trumpet/y-Y6QAUqSKg.wav,../../../../dataset/MUSIC/data/train/frames/trumpet/y-Y6QAUqSKg,1764
../../../../dataset/MUSIC/data/train/audio/flute/sybsjsj1zPo.wav,../../../../dataset/MUSIC/data/train/frames/flute/sybsjsj1zPo,5320
../../../../dataset/MUSIC/data/train/audio/accordion/1LnKd5cuqIc.wav,../../../../dataset/MUSIC/data/train/frames/accordion/1LnKd5cuqIc,3885
../../../../dataset/MUSIC/data/train/audio/erhu/P6mSuuTzYxk.wav,../../../../dataset/MUSIC/data/train/frames/erhu/P6mSuuTzYxk,4188
../../../../dataset/MUSIC/data/train/audio/erhu/Vq0eH1uUvXc.wav,../../../../dataset/MUSIC/data/train/frames/erhu/Vq0eH1uUvXc,4413
../../../../dataset/MUSIC/data/train/audio/acoustic_guitar/DvbeXXoraro.wav,../../../../dataset/MUSIC/data/train/frames/acoustic_guitar/DvbeXXoraro,3622
../../../../dataset/MUSIC/data/train/audio/tuba/_idF1Hf3-CI.wav,../../../../dataset/MUSIC/data/train/frames/tuba/_idF1Hf3-CI,5627
../../../../dataset/MUSIC/data/train/audio/saxophone/tGG2P7mjuqQ.wav,../../../../dataset/MUSIC/data/train/frames/saxophone/tGG2P7mjuqQ,1264
../../../../dataset/MUSIC/data/train/audio/acoustic_guitar/PA8DVnECfh0.wav,../../../../dataset/MUSIC/data/train/frames/acoustic_guitar/PA8DVnECfh0,4715
../../../../dataset/MUSIC/data/train/audio/clarinet/DS500VD8YDg.wav,../../../../dataset/MUSIC/data/train/frames/clarinet/DS500VD8YDg,5153
../../../../dataset/MUSIC/data/train/audio/clarinet/IZx6ZXWuOGY.wav,../../../../dataset/MUSIC/data/train/frames/clarinet/IZx6ZXWuOGY,2989
../../../../dataset/MUSIC/data/train/audio/cello/NhkPpOvrtz0.wav,../../../../dataset/MUSIC/data/train/frames/cello/NhkPpOvrtz0,3653
../../../../dataset/MUSIC/data/train/audio/accordion/1mCi6eWXVbg.wav,../../../../dataset/MUSIC/data/train/frames/accordion/1mCi6eWXVbg,3088
../../../../dataset/MUSIC/data/train/audio/xylophone/JkhKTTB0YB8.wav,../../../../dataset/MUSIC/data/train/frames/xylophone/JkhKTTB0YB8,853
../../../../dataset/MUSIC/data/train/audio/violin/XlvlHfWjKx4.wav,../../../../dataset/MUSIC/data/train/frames/violin/XlvlHfWjKx4,4195
../../../../dataset/MUSIC/data/train/audio/violin/yXKJiqOuvkA.wav,../../../../dataset/MUSIC/data/train/frames/violin/yXKJiqOuvkA,3523
../../../../dataset/MUSIC/data/train/audio/acoustic_guitar/Eaq914E77oY.wav,../../../../dataset/MUSIC/data/train/frames/acoustic_guitar/Eaq914E77oY,3530
../../../../dataset/MUSIC/data/train/audio/clarinet/X3GbAKww1KI.wav,../../../../dataset/MUSIC/data/train/frames/clarinet/X3GbAKww1KI,1678
../../../../dataset/MUSIC/data/train/audio/accordion/MKSTzG114d0.wav,../../../../dataset/MUSIC/data/train/frames/accordion/MKSTzG114d0,1667
../../../../dataset/MUSIC/data/train/audio/xylophone/6I846oP0E7Q.wav,../../../../dataset/MUSIC/data/train/frames/xylophone/6I846oP0E7Q,4893
../../../../dataset/MUSIC/data/train/audio/tuba/AAUm9njcMRk.wav,../../../../dataset/MUSIC/data/train/frames/tuba/AAUm9njcMRk,2326
../../../../dataset/MUSIC/data/train/audio/clarinet/5ESDEU04WSQ.wav,../../../../dataset/MUSIC/data/train/frames/clarinet/5ESDEU04WSQ,4550
../../../../dataset/MUSIC/data/train/audio/cello/FntHqAlD1S0.wav,../../../../dataset/MUSIC/data/train/frames/cello/FntHqAlD1S0,3478
../../../../dataset/MUSIC/data/train/audio/accordion/cFskXS823Kk.wav,../../../../dataset/MUSIC/data/train/frames/accordion/cFskXS823Kk,3353
../../../../dataset/MUSIC/data/train/audio/erhu/JEDgAVcR_yE.wav,../../../../dataset/MUSIC/data/train/frames/erhu/JEDgAVcR_yE,984
../../../../dataset/MUSIC/data/train/audio/erhu/MJgy2-QJxmE.wav,../../../../dataset/MUSIC/data/train/frames/erhu/MJgy2-QJxmE,1110
../../../../dataset/MUSIC/data/train/audio/erhu/HOUBn-wHcwQ.wav,../../../../dataset/MUSIC/data/train/frames/erhu/HOUBn-wHcwQ,3392
../../../../dataset/MUSIC/data/train/audio/flute/cyUUlWSEujk.wav,../../../../dataset/MUSIC/data/train/frames/flute/cyUUlWSEujk,1000
../../../../dataset/MUSIC/data/train/audio/acoustic_guitar/5UZF3bGoZpM.wav,../../../../dataset/MUSIC/data/train/frames/acoustic_guitar/5UZF3bGoZpM,5253
../../../../dataset/MUSIC/data/train/audio/violin/VuDxLNdxl6I.wav,../../../../dataset/MUSIC/data/train/frames/violin/VuDxLNdxl6I,5715
../../../../dataset/MUSIC/data/train/audio/trumpet/U2NMdF5yzdE.wav,../../../../dataset/MUSIC/data/train/frames/trumpet/U2NMdF5yzdE,1464
../../../../dataset/MUSIC/data/train/audio/erhu/0VyVd_QUCl8.wav,../../../../dataset/MUSIC/data/train/frames/erhu/0VyVd_QUCl8,3624
../../../../dataset/MUSIC/data/train/audio/accordion/9tiymgwLnKE.wav,../../../../dataset/MUSIC/data/train/frames/accordion/9tiymgwLnKE,3470
../../../../dataset/MUSIC/data/train/audio/acoustic_guitar/9SZLDvRaHEA.wav,../../../../dataset/MUSIC/data/train/frames/acoustic_guitar/9SZLDvRaHEA,3235
../../../../dataset/MUSIC/data/train/audio/accordion/q4kscRK91y4.wav,../../../../dataset/MUSIC/data/train/frames/accordion/q4kscRK91y4,2935
../../../../dataset/MUSIC/data/train/audio/acoustic_guitar/MVZGmcXU2D8.wav,../../../../dataset/MUSIC/data/train/frames/acoustic_guitar/MVZGmcXU2D8,5140
../../../../dataset/MUSIC/data/train/audio/xylophone/XmjMGVv3TLk.wav,../../../../dataset/MUSIC/data/train/frames/xylophone/XmjMGVv3TLk,2745
../../../../dataset/MUSIC/data/train/audio/saxophone/NLGte2YC6Oc.wav,../../../../dataset/MUSIC/data/train/frames/saxophone/NLGte2YC6Oc,3605
../../../../dataset/MUSIC/data/train/audio/flute/kbTy_5o6AB4.wav,../../../../dataset/MUSIC/data/train/frames/flute/kbTy_5o6AB4,3015
../../../../dataset/MUSIC/data/train/audio/xylophone/91MhpKVea30.wav,../../../../dataset/MUSIC/data/train/frames/xylophone/91MhpKVea30,5708
../../../../dataset/MUSIC/data/train/audio/violin/cMYr693e3Eo.wav,../../../../dataset/MUSIC/data/train/frames/violin/cMYr693e3Eo,1450
../../../../dataset/MUSIC/data/train/audio/cello/D1DjJqqK5Rw.wav,../../../../dataset/MUSIC/data/train/frames/cello/D1DjJqqK5Rw,5969
../../../../dataset/MUSIC/data/train/audio/clarinet/MqB8Ux4DsIM.wav,../../../../dataset/MUSIC/data/train/frames/clarinet/MqB8Ux4DsIM,528
../../../../dataset/MUSIC/data/train/audio/trumpet/zJIt_KdE3Jc.wav,../../../../dataset/MUSIC/data/train/frames/trumpet/zJIt_KdE3Jc,1069
../../../../dataset/MUSIC/data/train/audio/clarinet/2D5nT67CIRw.wav,../../../../dataset/MUSIC/data/train/frames/clarinet/2D5nT67CIRw,2799
../../../../dataset/MUSIC/data/train/audio/erhu/BBIENSA_GkE.wav,../../../../dataset/MUSIC/data/train/frames/erhu/BBIENSA_GkE,1465
../../../../dataset/MUSIC/data/train/audio/cello/2ARPm0djKIk.wav,../../../../dataset/MUSIC/data/train/frames/cello/2ARPm0djKIk,5490
../../../../dataset/MUSIC/data/train/audio/cello/QZEkGj9m1qs.wav,../../../../dataset/MUSIC/data/train/frames/cello/QZEkGj9m1qs,2414
../../../../dataset/MUSIC/data/train/audio/xylophone/McMd-s4XpZk.wav,../../../../dataset/MUSIC/data/train/frames/xylophone/McMd-s4XpZk,1897
../../../../dataset/MUSIC/data/train/audio/clarinet/eIqVZuyPu2U.wav,../../../../dataset/MUSIC/data/train/frames/clarinet/eIqVZuyPu2U,1494
../../../../dataset/MUSIC/data/train/audio/xylophone/fhzqzm0dYuE.wav,../../../../dataset/MUSIC/data/train/frames/xylophone/fhzqzm0dYuE,3929
../../../../dataset/MUSIC/data/train/audio/acoustic_guitar/IPsA3sz934M.wav,../../../../dataset/MUSIC/data/train/frames/acoustic_guitar/IPsA3sz934M,4781
../../../../dataset/MUSIC/data/train/audio/acoustic_guitar/5awjINljUoo.wav,../../../../dataset/MUSIC/data/train/frames/acoustic_guitar/5awjINljUoo,3842
../../../../dataset/MUSIC/data/train/audio/acoustic_guitar/Y-dpHbPGQWE.wav,../../../../dataset/MUSIC/data/train/frames/acoustic_guitar/Y-dpHbPGQWE,5847
../../../../dataset/MUSIC/data/train/audio/trumpet/ds0ayqYweAc.wav,../../../../dataset/MUSIC/data/train/frames/trumpet/ds0ayqYweAc,824
../../../../dataset/MUSIC/data/train/audio/saxophone/OufpA4FV1Tc.wav,../../../../dataset/MUSIC/data/train/frames/saxophone/OufpA4FV1Tc,3329
../../../../dataset/MUSIC/data/train/audio/cello/PEyIPSlJNQM.wav,../../../../dataset/MUSIC/data/train/frames/cello/PEyIPSlJNQM,4020
../../../../dataset/MUSIC/data/train/audio/violin/kuNep98Fd8o.wav,../../../../dataset/MUSIC/data/train/frames/violin/kuNep98Fd8o,4294
../../../../dataset/MUSIC/data/train/audio/cello/7RRqeIUqXPs.wav,../../../../dataset/MUSIC/data/train/frames/cello/7RRqeIUqXPs,4787
../../../../dataset/MUSIC/data/train/audio/erhu/HwVslStJE6U.wav,../../../../dataset/MUSIC/data/train/frames/erhu/HwVslStJE6U,982
../../../../dataset/MUSIC/data/train/audio/flute/MvPqp3oZwOk.wav,../../../../dataset/MUSIC/data/train/frames/flute/MvPqp3oZwOk,1689
../../../../dataset/MUSIC/data/train/audio/trumpet/ZFp0yw9Dxcw.wav,../../../../dataset/MUSIC/data/train/frames/trumpet/ZFp0yw9Dxcw,943
../../../../dataset/MUSIC/data/train/audio/flute/8TfadG55yWk.wav,../../../../dataset/MUSIC/data/train/frames/flute/8TfadG55yWk,5718
../../../../dataset/MUSIC/data/train/audio/erhu/XvnFhocZ6qM.wav,../../../../dataset/MUSIC/data/train/frames/erhu/XvnFhocZ6qM,5299
../../../../dataset/MUSIC/data/train/audio/acoustic_guitar/8rcClHLysvU.wav,../../../../dataset/MUSIC/data/train/frames/acoustic_guitar/8rcClHLysvU,3829
../../../../dataset/MUSIC/data/train/audio/violin/8mDNLCo1McQ.wav,../../../../dataset/MUSIC/data/train/frames/violin/8mDNLCo1McQ,2754
../../../../dataset/MUSIC/data/train/audio/trumpet/iqyw0xR5Wf0.wav,../../../../dataset/MUSIC/data/train/frames/trumpet/iqyw0xR5Wf0,3011
../../../../dataset/MUSIC/data/train/audio/accordion/yy2vL2RUiPI.wav,../../../../dataset/MUSIC/data/train/frames/accordion/yy2vL2RUiPI,2794
../../../../dataset/MUSIC/data/train/audio/tuba/4CTkB84ukfY.wav,../../../../dataset/MUSIC/data/train/frames/tuba/4CTkB84ukfY,1012
../../../../dataset/MUSIC/data/train/audio/xylophone/NdzCe7COROw.wav,../../../../dataset/MUSIC/data/train/frames/xylophone/NdzCe7COROw,5502
../../../../dataset/MUSIC/data/train/audio/xylophone/0o22Fy2Hr3s.wav,../../../../dataset/MUSIC/data/train/frames/xylophone/0o22Fy2Hr3s,5679
../../../../dataset/MUSIC/data/train/audio/xylophone/Wrh94KyWvpU.wav,../../../../dataset/MUSIC/data/train/frames/xylophone/Wrh94KyWvpU,1028
../../../../dataset/MUSIC/data/train/audio/cello/Mh2tJbJiWQQ.wav,../../../../dataset/MUSIC/data/train/frames/cello/Mh2tJbJiWQQ,4597
../../../../dataset/MUSIC/data/train/audio/acoustic_guitar/1XfdURNeY6s.wav,../../../../dataset/MUSIC/data/train/frames/acoustic_guitar/1XfdURNeY6s,5159
../../../../dataset/MUSIC/data/train/audio/acoustic_guitar/XYizxH7yAqA.wav,../../../../dataset/MUSIC/data/train/frames/acoustic_guitar/XYizxH7yAqA,2678
../../../../dataset/MUSIC/data/train/audio/flute/yaWxyD4zFKE.wav,../../../../dataset/MUSIC/data/train/frames/flute/yaWxyD4zFKE,1560
../../../../dataset/MUSIC/data/train/audio/flute/YR6kjiPyNHU.wav,../../../../dataset/MUSIC/data/train/frames/flute/YR6kjiPyNHU,3931
../../../../dataset/MUSIC/data/train/audio/acoustic_guitar/26HLgXWF-Co.wav,../../../../dataset/MUSIC/data/train/frames/acoustic_guitar/26HLgXWF-Co,3948
../../../../dataset/MUSIC/data/train/audio/tuba/G46O0IzYtt0.wav,../../../../dataset/MUSIC/data/train/frames/tuba/G46O0IzYtt0,1616
../../../../dataset/MUSIC/data/train/audio/clarinet/0OrLdMPOyos.wav,../../../../dataset/MUSIC/data/train/frames/clarinet/0OrLdMPOyos,1410
../../../../dataset/MUSIC/data/train/audio/accordion/Dcp8AuzTG-w.wav,../../../../dataset/MUSIC/data/train/frames/accordion/Dcp8AuzTG-w,3894
../../../../dataset/MUSIC/data/train/audio/accordion/vhVtX8F0-BY.wav,../../../../dataset/MUSIC/data/train/frames/accordion/vhVtX8F0-BY,3038
../../../../dataset/MUSIC/data/train/audio/xylophone/oQJVBH6ST7o.wav,../../../../dataset/MUSIC/data/train/frames/xylophone/oQJVBH6ST7o,4905
../../../../dataset/MUSIC/data/train/audio/erhu/CtrTfd8foxA.wav,../../../../dataset/MUSIC/data/train/frames/erhu/CtrTfd8foxA,1414
../../../../dataset/MUSIC/data/train/audio/accordion/RRjph7N4hvk.wav,../../../../dataset/MUSIC/data/train/frames/accordion/RRjph7N4hvk,3983
../../../../dataset/MUSIC/data/train/audio/acoustic_guitar/TzbeCt4_LFc.wav,../../../../dataset/MUSIC/data/train/frames/acoustic_guitar/TzbeCt4_LFc,5386
../../../../dataset/MUSIC/data/train/audio/accordion/c7Jyu_OiEB0.wav,../../../../dataset/MUSIC/data/train/frames/accordion/c7Jyu_OiEB0,2137
../../../../dataset/MUSIC/data/train/audio/accordion/A2p8VW61RGc.wav,../../../../dataset/MUSIC/data/train/frames/accordion/A2p8VW61RGc,2254
../../../../dataset/MUSIC/data/train/audio/erhu/P_dHPMofcwM.wav,../../../../dataset/MUSIC/data/train/frames/erhu/P_dHPMofcwM,2097
../../../../dataset/MUSIC/data/train/audio/tuba/GV2bbRPFhvk.wav,../../../../dataset/MUSIC/data/train/frames/tuba/GV2bbRPFhvk,1025
../../../../dataset/MUSIC/data/train/audio/tuba/DVrCy36Uigo.wav,../../../../dataset/MUSIC/data/train/frames/tuba/DVrCy36Uigo,2936
../../../../dataset/MUSIC/data/train/audio/clarinet/IFEP8Z5Qos0.wav,../../../../dataset/MUSIC/data/train/frames/clarinet/IFEP8Z5Qos0,648
../../../../dataset/MUSIC/data/train/audio/violin/ZFuLPm6-kVw.wav,../../../../dataset/MUSIC/data/train/frames/violin/ZFuLPm6-kVw,906
../../../../dataset/MUSIC/data/train/audio/trumpet/ENnSwgLc2B4.wav,../../../../dataset/MUSIC/data/train/frames/trumpet/ENnSwgLc2B4,946
../../../../dataset/MUSIC/data/train/audio/clarinet/23DDVbzSig8.wav,../../../../dataset/MUSIC/data/train/frames/clarinet/23DDVbzSig8,1628
../../../../dataset/MUSIC/data/train/audio/cello/SyToSKUxgKs.wav,../../../../dataset/MUSIC/data/train/frames/cello/SyToSKUxgKs,4276
../../../../dataset/MUSIC/data/train/audio/erhu/MTyf4utLlJk.wav,../../../../dataset/MUSIC/data/train/frames/erhu/MTyf4utLlJk,5323
../../../../dataset/MUSIC/data/train/audio/flute/BO7_8o4QSr4.wav,../../../../dataset/MUSIC/data/train/frames/flute/BO7_8o4QSr4,958
../../../../dataset/MUSIC/data/train/audio/trumpet/nZ4HNz9xvSw.wav,../../../../dataset/MUSIC/data/train/frames/trumpet/nZ4HNz9xvSw,1811
../../../../dataset/MUSIC/data/train/audio/tuba/ALMOnRonTPM.wav,../../../../dataset/MUSIC/data/train/frames/tuba/ALMOnRonTPM,610
../../../../dataset/MUSIC/data/train/audio/flute/7Zudy1bw7bw.wav,../../../../dataset/MUSIC/data/train/frames/flute/7Zudy1bw7bw,4749
../../../../dataset/MUSIC/data/train/audio/flute/cZoWhKTZTYY.wav,../../../../dataset/MUSIC/data/train/frames/flute/cZoWhKTZTYY,1469
../../../../dataset/MUSIC/data/train/audio/clarinet/aZjtE82spMA.wav,../../../../dataset/MUSIC/data/train/frames/clarinet/aZjtE82spMA,1315
../../../../dataset/MUSIC/data/train/audio/acoustic_guitar/YwDABKyGY_g.wav,../../../../dataset/MUSIC/data/train/frames/acoustic_guitar/YwDABKyGY_g,2299
../../../../dataset/MUSIC/data/train/audio/accordion/CgCMBFcifVE.wav,../../../../dataset/MUSIC/data/train/frames/accordion/CgCMBFcifVE,4575
../../../../dataset/MUSIC/data/train/audio/trumpet/6G78knF3eFk.wav,../../../../dataset/MUSIC/data/train/frames/trumpet/6G78knF3eFk,1183
../../../../dataset/MUSIC/data/train/audio/trumpet/sPtLTnsCgMY.wav,../../../../dataset/MUSIC/data/train/frames/trumpet/sPtLTnsCgMY,522
../../../../dataset/MUSIC/data/train/audio/violin/QqKlMPzQj7k.wav,../../../../dataset/MUSIC/data/train/frames/violin/QqKlMPzQj7k,2494
../../../../dataset/MUSIC/data/train/audio/flute/j0U_hqIH_XM.wav,../../../../dataset/MUSIC/data/train/frames/flute/j0U_hqIH_XM,3676
../../../../dataset/MUSIC/data/train/audio/clarinet/ZXz0cVq_RTI.wav,../../../../dataset/MUSIC/data/train/frames/clarinet/ZXz0cVq_RTI,1538
../../../../dataset/MUSIC/data/train/audio/xylophone/No-IJw4uWMw.wav,../../../../dataset/MUSIC/data/train/frames/xylophone/No-IJw4uWMw,4648
../../../../dataset/MUSIC/data/train/audio/clarinet/_O1mTqCSo6E.wav,../../../../dataset/MUSIC/data/train/frames/clarinet/_O1mTqCSo6E,2913
../../../../dataset/MUSIC/data/train/audio/cello/Rr1UkDkhDlA.wav,../../../../dataset/MUSIC/data/train/frames/cello/Rr1UkDkhDlA,3925
../../../../dataset/MUSIC/data/train/audio/cello/WVeheJFHQS4.wav,../../../../dataset/MUSIC/data/train/frames/cello/WVeheJFHQS4,5192
../../../../dataset/MUSIC/data/train/audio/acoustic_guitar/416UlJvv3aA.wav,../../../../dataset/MUSIC/data/train/frames/acoustic_guitar/416UlJvv3aA,4596
../../../../dataset/MUSIC/data/train/audio/flute/wEzEcfz1QS0.wav,../../../../dataset/MUSIC/data/train/frames/flute/wEzEcfz1QS0,4177
../../../../dataset/MUSIC/data/train/audio/violin/bapfkDpaSGw.wav,../../../../dataset/MUSIC/data/train/frames/violin/bapfkDpaSGw,2730
../../../../dataset/MUSIC/data/train/audio/flute/1fhZ3iBeK2g.wav,../../../../dataset/MUSIC/data/train/frames/flute/1fhZ3iBeK2g,2938
../../../../dataset/MUSIC/data/train/audio/saxophone/e5YNEk9Ye-o.wav,../../../../dataset/MUSIC/data/train/frames/saxophone/e5YNEk9Ye-o,1657
../../../../dataset/MUSIC/data/train/audio/flute/SAN5JBTnlas.wav,../../../../dataset/MUSIC/data/train/frames/flute/SAN5JBTnlas,1410
../../../../dataset/MUSIC/data/train/audio/cello/2R12lQszz90.wav,../../../../dataset/MUSIC/data/train/frames/cello/2R12lQszz90,3675
../../../../dataset/MUSIC/data/train/audio/trumpet/8jxZMGYbQIw.wav,../../../../dataset/MUSIC/data/train/frames/trumpet/8jxZMGYbQIw,1932
../../../../dataset/MUSIC/data/train/audio/accordion/yn1NaZWN_qQ.wav,../../../../dataset/MUSIC/data/train/frames/accordion/yn1NaZWN_qQ,2033
../../../../dataset/MUSIC/data/train/audio/xylophone/2kBkI6f1X_s.wav,../../../../dataset/MUSIC/data/train/frames/xylophone/2kBkI6f1X_s,2443
../../../../dataset/MUSIC/data/train/audio/saxophone/lDCeAgGUwyc.wav,../../../../dataset/MUSIC/data/train/frames/saxophone/lDCeAgGUwyc,4778
../../../../dataset/MUSIC/data/train/audio/flute/tfcNUo8qjrA.wav,../../../../dataset/MUSIC/data/train/frames/flute/tfcNUo8qjrA,3215
../../../../dataset/MUSIC/data/train/audio/saxophone/lm51ySOO71o.wav,../../../../dataset/MUSIC/data/train/frames/saxophone/lm51ySOO71o,1993
../../../../dataset/MUSIC/data/train/audio/erhu/0nYRMqKixAU.wav,../../../../dataset/MUSIC/data/train/frames/erhu/0nYRMqKixAU,2183
../../../../dataset/MUSIC/data/train/audio/xylophone/GezwOJW568A.wav,../../../../dataset/MUSIC/data/train/frames/xylophone/GezwOJW568A,763
../../../../dataset/MUSIC/data/train/audio/cello/U2s_4d0ZLT8.wav,../../../../dataset/MUSIC/data/train/frames/cello/U2s_4d0ZLT8,4628
../../../../dataset/MUSIC/data/train/audio/tuba/35TPV7_D7do.wav,../../../../dataset/MUSIC/data/train/frames/tuba/35TPV7_D7do,640
../../../../dataset/MUSIC/data/train/audio/tuba/P_lSgczU2Sk.wav,../../../../dataset/MUSIC/data/train/frames/tuba/P_lSgczU2Sk,1112
../../../../dataset/MUSIC/data/train/audio/acoustic_guitar/MJmVYLWPnCI.wav,../../../../dataset/MUSIC/data/train/frames/acoustic_guitar/MJmVYLWPnCI,1954
../../../../dataset/MUSIC/data/train/audio/saxophone/fH4pDr8CqI8.wav,../../../../dataset/MUSIC/data/train/frames/saxophone/fH4pDr8CqI8,3662
../../../../dataset/MUSIC/data/train/audio/violin/K1LRscO7TSw.wav,../../../../dataset/MUSIC/data/train/frames/violin/K1LRscO7TSw,4885
../../../../dataset/MUSIC/data/train/audio/clarinet/TREfn2OfujU.wav,../../../../dataset/MUSIC/data/train/frames/clarinet/TREfn2OfujU,1330
../../../../dataset/MUSIC/data/train/audio/violin/KG-tXicVpsg.wav,../../../../dataset/MUSIC/data/train/frames/violin/KG-tXicVpsg,4173
../../../../dataset/MUSIC/data/train/audio/violin/HyD1g1KDoEE.wav,../../../../dataset/MUSIC/data/train/frames/violin/HyD1g1KDoEE,5498
../../../../dataset/MUSIC/data/train/audio/flute/XlPvAkLT3Yw.wav,../../../../dataset/MUSIC/data/train/frames/flute/XlPvAkLT3Yw,5104
../../../../dataset/MUSIC/data/train/audio/tuba/LKMBOuDkEqo.wav,../../../../dataset/MUSIC/data/train/frames/tuba/LKMBOuDkEqo,922
../../../../dataset/MUSIC/data/train/audio/violin/10RkjPIguAY.wav,../../../../dataset/MUSIC/data/train/frames/violin/10RkjPIguAY,3514
../../../../dataset/MUSIC/data/train/audio/saxophone/P5pxcBdxa4E.wav,../../../../dataset/MUSIC/data/train/frames/saxophone/P5pxcBdxa4E,879
../../../../dataset/MUSIC/data/train/audio/cello/VdFnyZWJAgo.wav,../../../../dataset/MUSIC/data/train/frames/cello/VdFnyZWJAgo,5449
../../../../dataset/MUSIC/data/train/audio/accordion/2WZsNZrbt6w.wav,../../../../dataset/MUSIC/data/train/frames/accordion/2WZsNZrbt6w,4310
../../../../dataset/MUSIC/data/train/audio/erhu/6d0tmb28kV4.wav,../../../../dataset/MUSIC/data/train/frames/erhu/6d0tmb28kV4,1418
../../../../dataset/MUSIC/data/train/audio/tuba/2tG4y_uyEAY.wav,../../../../dataset/MUSIC/data/train/frames/tuba/2tG4y_uyEAY,1600
../../../../dataset/MUSIC/data/train/audio/trumpet/I2QXo4mGeRE.wav,../../../../dataset/MUSIC/data/train/frames/trumpet/I2QXo4mGeRE,663
../../../../dataset/MUSIC/data/train/audio/acoustic_guitar/ZvLT_J9Uv4o.wav,../../../../dataset/MUSIC/data/train/frames/acoustic_guitar/ZvLT_J9Uv4o,1634
../../../../dataset/MUSIC/data/train/audio/flute/oEb2mlij38w.wav,../../../../dataset/MUSIC/data/train/frames/flute/oEb2mlij38w,1052
../../../../dataset/MUSIC/data/train/audio/clarinet/GKwO7cy2JIA.wav,../../../../dataset/MUSIC/data/train/frames/clarinet/GKwO7cy2JIA,3383
../../../../dataset/MUSIC/data/train/audio/erhu/Us9dxgfBfeo.wav,../../../../dataset/MUSIC/data/train/frames/erhu/Us9dxgfBfeo,4301
../../../../dataset/MUSIC/data/train/audio/erhu/EJ-dXyKrSKA.wav,../../../../dataset/MUSIC/data/train/frames/erhu/EJ-dXyKrSKA,3851
../../../../dataset/MUSIC/data/train/audio/clarinet/aTYc-hHt4us.wav,../../../../dataset/MUSIC/data/train/frames/clarinet/aTYc-hHt4us,2583
../../../../dataset/MUSIC/data/train/audio/trumpet/PYjwNew61XQ.wav,../../../../dataset/MUSIC/data/train/frames/trumpet/PYjwNew61XQ,2901
../../../../dataset/MUSIC/data/train/audio/tuba/1owUN7YXSzE.wav,../../../../dataset/MUSIC/data/train/frames/tuba/1owUN7YXSzE,2135
../../../../dataset/MUSIC/data/train/audio/violin/9kwbEUqCNbU.wav,../../../../dataset/MUSIC/data/train/frames/violin/9kwbEUqCNbU,3126
../../../../dataset/MUSIC/data/train/audio/tuba/KrlDeCWv9ak.wav,../../../../dataset/MUSIC/data/train/frames/tuba/KrlDeCWv9ak,4554
../../../../dataset/MUSIC/data/train/audio/accordion/cp_0VICDDSc.wav,../../../../dataset/MUSIC/data/train/frames/accordion/cp_0VICDDSc,3421
../../../../dataset/MUSIC/data/train/audio/trumpet/g1sNdUDTfJQ.wav,../../../../dataset/MUSIC/data/train/frames/trumpet/g1sNdUDTfJQ,1728
../../../../dataset/MUSIC/data/train/audio/saxophone/OxA5Z_5-w0E.wav,../../../../dataset/MUSIC/data/train/frames/saxophone/OxA5Z_5-w0E,4465
../../../../dataset/MUSIC/data/train/audio/saxophone/xyi0Ft3sb0U.wav,../../../../dataset/MUSIC/data/train/frames/saxophone/xyi0Ft3sb0U,1503
../../../../dataset/MUSIC/data/train/audio/flute/WNeHlya4VnQ.wav,../../../../dataset/MUSIC/data/train/frames/flute/WNeHlya4VnQ,2309
../../../../dataset/MUSIC/data/train/audio/accordion/OIBq0bBziuw.wav,../../../../dataset/MUSIC/data/train/frames/accordion/OIBq0bBziuw,3695
../../../../dataset/MUSIC/data/train/audio/xylophone/894n_sDSEc0.wav,../../../../dataset/MUSIC/data/train/frames/xylophone/894n_sDSEc0,3269
../../../../dataset/MUSIC/data/train/audio/accordion/Oytzh19NE6w.wav,../../../../dataset/MUSIC/data/train/frames/accordion/Oytzh19NE6w,4464
../../../../dataset/MUSIC/data/train/audio/saxophone/QOYMhOXfGMw.wav,../../../../dataset/MUSIC/data/train/frames/saxophone/QOYMhOXfGMw,4702
../../../../dataset/MUSIC/data/train/audio/clarinet/iLeEWSC2M2U.wav,../../../../dataset/MUSIC/data/train/frames/clarinet/iLeEWSC2M2U,1441
../../../../dataset/MUSIC/data/train/audio/acoustic_guitar/1TBxNBIUx3o.wav,../../../../dataset/MUSIC/data/train/frames/acoustic_guitar/1TBxNBIUx3o,3098
../../../../dataset/MUSIC/data/train/audio/erhu/YLTpkQqX_ek.wav,../../../../dataset/MUSIC/data/train/frames/erhu/YLTpkQqX_ek,1853
../../../../dataset/MUSIC/data/train/audio/erhu/SVZNEDEIK48.wav,../../../../dataset/MUSIC/data/train/frames/erhu/SVZNEDEIK48,1846
../../../../dataset/MUSIC/data/train/audio/xylophone/Jtq-HDS3Zdc.wav,../../../../dataset/MUSIC/data/train/frames/xylophone/Jtq-HDS3Zdc,2158
../../../../dataset/MUSIC/data/train/audio/acoustic_guitar/At63FPRHLAo.wav,../../../../dataset/MUSIC/data/train/frames/acoustic_guitar/At63FPRHLAo,5489
../../../../dataset/MUSIC/data/train/audio/erhu/Lv2vc_8CZLc.wav,../../../../dataset/MUSIC/data/train/frames/erhu/Lv2vc_8CZLc,4024
../../../../dataset/MUSIC/data/train/audio/accordion/0N26WnKiCIg.wav,../../../../dataset/MUSIC/data/train/frames/accordion/0N26WnKiCIg,3352
../../../../dataset/MUSIC/data/train/audio/accordion/_jPFkOkNjuo.wav,../../../../dataset/MUSIC/data/train/frames/accordion/_jPFkOkNjuo,1670
../../../../dataset/MUSIC/data/train/audio/flute/azUffG1Ao8U.wav,../../../../dataset/MUSIC/data/train/frames/flute/azUffG1Ao8U,4255
../../../../dataset/MUSIC/data/train/audio/trumpet/2V12S02E2Jc.wav,../../../../dataset/MUSIC/data/train/frames/trumpet/2V12S02E2Jc,1989
../../../../dataset/MUSIC/data/train/audio/saxophone/8U4tYnLtuzk.wav,../../../../dataset/MUSIC/data/train/frames/saxophone/8U4tYnLtuzk,4108
../../../../dataset/MUSIC/data/train/audio/tuba/WSRAO6abxog.wav,../../../../dataset/MUSIC/data/train/frames/tuba/WSRAO6abxog,2128
../../../../dataset/MUSIC/data/train/audio/cello/S86qStDAz3A.wav,../../../../dataset/MUSIC/data/train/frames/cello/S86qStDAz3A,3045
